Model,Accuracy,AUC,Precision,Recall,F1,MCC
Logistic Regression,0.8253792764572201,0.8527235540567581,0.7039446929646198,0.4500780031201248,0.5490880253766852,0.46444237013203427
Decision Tree,0.8097168478594681,0.7412768549342698,0.5945399393326593,0.6115444617784711,0.6029223276083056,0.477916019550979
K-Nearest Neighbor,0.8288802899084823,0.850474385682303,0.6566193853427896,0.577743109724389,0.6146611341632089,0.5069673116281228
Naive Bayes,0.8051102512130704,0.8554230307531562,0.6781365802011646,0.3330733229329173,0.44673060156931116,0.3769146982377532
Random Forest,0.8552300227258768,0.9046237836646558,0.7358251504592968,0.6040041601664067,0.6634299585891761,0.5768716188476775
XGBoost,0.8700939745715865,0.9238714429960391,0.7866843325604504,0.6175247009880396,0.6919155134741443,0.6183079331732865
